code,system
1612.00,readv2
1612.11,readv2
R030.00,readv2
R030z00,readv2
1614.00,readv2
R036000,readv2
1614.11,readv2
R036100,readv2
1614.12,readv2
R036.00,readv2
R036z00,readv2
8HTN.00,readv2
9Nk9.00,readv2
E271.00,readv2
Eu50000,readv2
Eu50212,readv2
E275.00,readv2
E275000,readv2
E275y00,readv2
Eu50z00,readv2
E275100,readv2
Eu50200,readv2
Eu50211,readv2
R036011,readv2
E275111,readv2
Fy05.00,readv2
Z4B5.00,readv2
ZC2CD00,readv2
E275300,readv2
Eu50411,readv2
E275400,readv2
Eu50511,readv2
E275z00,readv2
Eu50100,readv2
Eu50300,readv2
Eu50400,readv2
Eu50500,readv2
Eu50y00,readv2
SN42100,readv2
U1B3.11,readv2